code,timestamp,status,credit
ABPG,1758224469,Invalidate,AstroWorld Server
AREG,1758224469,Invalidate,AstroWorld Server
ASPG,1758224469,Invalidate,AstroWorld Server
AUTG,1758224469,Invalidate,AstroWorld Server
BBRG,1758224469,Invalidate,AstroWorld Server
BIRG,1758224469,Invalidate,AstroWorld Server
BNLG,1758224469,Invalidate,AstroWorld Server
BSYG,1758224469,Invalidate,AstroWorld Server
BXEG,1758224469,Invalidate,AstroWorld Server
CITG,1758224469,Invalidate,AstroWorld Server
DCPG,1758224469,Invalidate,AstroWorld Server
DCTG,1758224469,Invalidate,AstroWorld Server
DRPG,1758224469,Invalidate,AstroWorld Server
DSLG,1758224469,Invalidate,AstroWorld Server
DTTG,1758224469,Invalidate,AstroWorld Server
DZYG,1758224469,Invalidate,AstroWorld Server
EBLG,1758224469,Invalidate,AstroWorld Server
ECPG,1758224469,Invalidate,AstroWorld Server
EJTG,1758224469,Invalidate,AstroWorld Server
EPPG,1758224469,Invalidate,AstroWorld Server
EQYG,1758224469,Invalidate,AstroWorld Server
ESLG,1758224469,Invalidate,AstroWorld Server
EWTG,1758224469,Invalidate,AstroWorld Server
EXEG,1758224469,Invalidate,AstroWorld Server
FCLG,1758224469,Invalidate,AstroWorld Server
FJTG,1758224469,Invalidate,AstroWorld Server
FLYG,1758224469,Invalidate,AstroWorld Server
FMLG,1758224469,Invalidate,AstroWorld Server
FNLG,1758224469,Invalidate,AstroWorld Server
FQEG,1758224469,Invalidate,AstroWorld Server
FWYG,1758224469,Invalidate,AstroWorld Server
GMTG,1758224469,Invalidate,AstroWorld Server
GUTG,1758224469,Invalidate,AstroWorld Server
GWLG,1758224469,Invalidate,AstroWorld Server
GYTG,1758224469,Invalidate,AstroWorld Server
HGTG,1758224469,Invalidate,AstroWorld Server
HLEG,1758224469,Invalidate,AstroWorld Server
HMLG,1758224469,Invalidate,AstroWorld Server
HNLG,1758224469,Invalidate,AstroWorld Server
HNRG,1758224469,Invalidate,AstroWorld Server
HULG,1758224469,Invalidate,AstroWorld Server
HVTG,1758224469,Invalidate,AstroWorld Server
IAPG,1758224469,Invalidate,AstroWorld Server
IBLG,1758224469,Invalidate,AstroWorld Server
IGPG,1758224469,Invalidate,AstroWorld Server
IIPG,1758224469,Invalidate,AstroWorld Server
IOLG,1758224469,Invalidate,AstroWorld Server
ISLG,1758224469,Invalidate,AstroWorld Server
IUTG,1758224469,Invalidate,AstroWorld Server
IWEG,1758224469,Invalidate,AstroWorld Server
JDPG,1758224469,Invalidate,AstroWorld Server
JJLG,1758224469,Invalidate,AstroWorld Server
JNLG,1758224469,Invalidate,AstroWorld Server
JPPG,1758224469,Invalidate,AstroWorld Server
JWEG,1758224469,Invalidate,AstroWorld Server
JZYG,1758224469,Invalidate,AstroWorld Server
KAYG,1758224469,Invalidate,AstroWorld Server
KEPG,1758224469,Invalidate,AstroWorld Server
KGYG,1758224469,Invalidate,AstroWorld Server
KHPG,1758224469,Invalidate,AstroWorld Server
KKYG,1758224469,Invalidate,AstroWorld Server
KQPG,1758224469,Invalidate,AstroWorld Server
KTPG,1758224469,Invalidate,AstroWorld Server
KVYG,1758224469,Invalidate,AstroWorld Server
KWYG,1758224469,Invalidate,AstroWorld Server
LFTG,1758224469,Invalidate,AstroWorld Server
LKLG,1758224469,Invalidate,AstroWorld Server
LKYG,1758224469,Invalidate,AstroWorld Server
LMYG,1758224469,Invalidate,AstroWorld Server
LRTG,1758224469,Invalidate,AstroWorld Server
LTPG,1758224469,Invalidate,AstroWorld Server
LVLG,1758224469,Invalidate,AstroWorld Server
LXPG,1758224469,Invalidate,AstroWorld Server
MKPG,1758224469,Invalidate,AstroWorld Server
MPYG,1758224469,Invalidate,AstroWorld Server
MVLG,1758224469,Invalidate,AstroWorld Server
MWLG,1758224469,Invalidate,AstroWorld Server
NBPG,1758224469,Invalidate,AstroWorld Server
NEYG,1758224469,Invalidate,AstroWorld Server
NQYG,1758224469,Invalidate,AstroWorld Server
NTTG,1758224469,Invalidate,AstroWorld Server
NUYG,1758224469,Invalidate,AstroWorld Server
OLPG,1758224469,Invalidate,AstroWorld Server
OPLG,1758224469,Invalidate,AstroWorld Server
OQEG,1758224469,Invalidate,AstroWorld Server
ORLG,1758224469,Invalidate,AstroWorld Server
ORYG,1758224469,Invalidate,AstroWorld Server
OVYG,1758224469,Invalidate,AstroWorld Server
PFLG,1758224469,Invalidate,AstroWorld Server
PFYG,1758224469,Invalidate,AstroWorld Server
PREG,1758224469,Invalidate,AstroWorld Server
PRLG,1758224469,Invalidate,AstroWorld Server
PRPG,1758224469,Invalidate,AstroWorld Server
PYTG,1758224469,Invalidate,AstroWorld Server
QARG,1758224469,Invalidate,AstroWorld Server
QCYG,1758224469,Invalidate,AstroWorld Server
QILG,1758224469,Invalidate,AstroWorld Server
QMTG,1758224469,Invalidate,AstroWorld Server
QPLG,1758224469,Invalidate,AstroWorld Server
QRLG,1758224469,Invalidate,AstroWorld Server
QSPG,1758224469,Invalidate,AstroWorld Server
QYYG,1758224469,Invalidate,AstroWorld Server
RAPG,1758224469,Invalidate,AstroWorld Server
RFTG,1758224469,Invalidate,AstroWorld Server
RMPG,1758224469,Invalidate,AstroWorld Server
RNYG,1758224469,Invalidate,AstroWorld Server
ROYG,1758224469,Invalidate,AstroWorld Server
RQQQ,1758224469,Invalidate,AstroWorld Server
RTYG,1758224469,Invalidate,AstroWorld Server
RXTG,1758224469,Invalidate,AstroWorld Server
SBTG,1758224469,Invalidate,AstroWorld Server
SOTG,1758224469,Invalidate,AstroWorld Server
TFYG,1758224469,Invalidate,AstroWorld Server
TKLG,1758224469,Invalidate,AstroWorld Server
TLTG,1758224469,Invalidate,AstroWorld Server
TMLG,1758224469,Invalidate,AstroWorld Server
TMRG,1758224469,Invalidate,AstroWorld Server
TOLG,1758224469,Invalidate,AstroWorld Server
TPTG,1758224469,Invalidate,AstroWorld Server
TWTG,1758224469,Invalidate,AstroWorld Server
UJLG,1758224469,Invalidate,AstroWorld Server
UOTG,1758224469,Invalidate,AstroWorld Server
VCPG,1758224469,Invalidate,AstroWorld Server
VGYG,1758224469,Invalidate,AstroWorld Server
VLTG,1758224469,Invalidate,AstroWorld Server
VRPG,1758224469,Invalidate,AstroWorld Server
VZPG,1758224469,Invalidate,AstroWorld Server
WALG,1758224469,Invalidate,AstroWorld Server
WCLG,1758224469,Invalidate,AstroWorld Server
WRLG,1758224469,Invalidate,AstroWorld Server
WULG,1758224469,Invalidate,AstroWorld Server
WVPG,1758224469,Invalidate,AstroWorld Server
WXPG,1758224469,Invalidate,AstroWorld Server
XFTG,1758224469,Invalidate,AstroWorld Server
XJLG,1758224469,Invalidate,AstroWorld Server
XUTG,1758224469,Invalidate,AstroWorld Server
XWTG,1758224469,Invalidate,AstroWorld Server
XXEG,1758224469,Invalidate,AstroWorld Server
XXPG,1758224469,Invalidate,AstroWorld Server
XZLG,1758224469,Invalidate,AstroWorld Server
YELG,1758224469,Invalidate,AstroWorld Server
YJTG,1758224469,Invalidate,AstroWorld Server
YJYG,1758224469,Invalidate,AstroWorld Server
YRPG,1758224469,Invalidate,AstroWorld Server
YSPG,1758224469,Invalidate,AstroWorld Server
ZATG,1758224469,Invalidate,AstroWorld Server
ZBYG,1758224469,Invalidate,AstroWorld Server
ZUTG,1758224469,Invalidate,AstroWorld Server


