Code,Timestamp,Confirmation,Person
AHXG,1753959530,Invalidate,Dropper
ALXG,1753984830,Invalidate,Dropper
ANXG,1757968765,Confirm,
AOQG,1753959530,Invalidate,Dropper
ASAF,1753959530,Invalidate,Dropper
ATQG,1751909250,Invalidate,Dropper
ATWG,1757968765,Confirm,Abnormal Heartbeats
AWQG,1753962270,Invalidate,Dropper
AYWG,1750845090,Invalidate,Null
AZRG,1753959530,Invalidate,Dropper
BDAF,1751909250,Invalidate,Dropper
BEQG,1753959530,Invalidate,Dropper
BFQG,1757968765,Discover,Dropper
BLQG,1753959530,Invalidate,Dropper
BPAF,1752179730,Invalidate,Dropper
BYQG,1753956767,Unreliable,
CEQG,1753956767,Unreliable,
COXG,1757968765,Invalidate,lilC
CUQG,1757968765,Discover,Dropper
CVQG,1753962270,Invalidate,Dropper
CWAF,1753959530,Invalidate,Dropper
CZWG,1753962270,Invalidate,Dropper
DCMF,1757968765,Confirm,
DGQG,1753959530,Invalidate,Dropper
DOXG,1753959530,Invalidate,Dropper
DQXG,1753959530,Invalidate,Dropper
DSWG,1753984830,Invalidate,Dropper
DXAF,1753956767,Unreliable,
DXRG,1753959530,Invalidate,Dropper
EFQG,1757968765,Discover,Dropper
EGXG,1757968765,Confirm,Dropper
EMQG,1753956767,Unreliable,
EMXG,1753956767,Unreliable,
ENQG,1757968765,Discover,Dropper
ENWG,1757968765,Discover,Dropper
EVMF,1753984830,Invalidate,Dropper
FBRG,1753956767,Unreliable,
FDWG,1753956767,Unreliable,
FERG,1753956767,Unreliable,
FQAF,1753959530,Invalidate,Dropper
FQRG,1753956767,Unreliable,
FXAF,1753956767,Unreliable,
GFXG,1757968765,Discover,Dropper
GGWG,1753984830,Invalidate,Dropper
GHXG,1757968765,Invalidate,Abnormal Heartbeats
GNWG,1757968765,Confirm,
GOXG,1753984830,Invalidate,Dropper
GVMF,1753984830,Invalidate,Dropper
GVWG,1753962270,Invalidate,Dropper
GVXG,1753959530,Invalidate,Dropper
HHQG,1753959530,Invalidate,Dropper
HIAF,1753959530,Invalidate,Dropper
HNQG,1753984830,Invalidate,Dropper
HNXG,1757968765,Confirm,
HQWG,1753956767,Unreliable,
HQXG,1753959530,Invalidate,Dropper
HSWG,1753984830,Invalidate,Dropper
IBMF,1753959530,Invalidate,Dropper
ICRG,1753962270,Invalidate,Dropper
ILAF,1754476799,Invalidate,Dropper
IQRG,1751484150,Invalidate,Baguette
ITWG,1753956767,Unreliable,
IWWG,1753959530,Invalidate,Dropper
JAAF,1753956767,Unreliable,
JCRG,1753956767,Unreliable,
JEXG,1757968765,Confirm,Dropper
JGQG,1757968765,Discover,Dropper
JIXG,1753956767,Unreliable,
JOXG,1753956767,Unreliable,
JWQG,1753959530,Invalidate,Dropper
JXQG,1754476799,Confirm,Abnormal Heartbeats
JZQG,1753962270,Invalidate,Dropper
KAAF,1753984830,Invalidate,Dropper
KFXG,1753956767,Unreliable,
KHQG,1753959530,Invalidate,Dropper
KJRG,1753956767,Unreliable,
KNWG,1753959530,Invalidate,Baguette
KRWG,1757968765,Discover,Dropper
KWWG,1757968765,Confirm,Abnormal Heartbeats
LBAF,1754476799,Confirm,Abnormal Heartbeats
LCWG,1757968765,Discover,Dropper
LFRG,1753962270,Invalidate,Dropper
LJRW,1753984830,Invalidate,Baguette
LKXG,1753959530,Invalidate,Dropper
LOXG,1753956767,Unreliable,
LPWG,1753956767,Unreliable,
LRAF,1753956767,Unreliable,
LXAF,1753956767,Unreliable,
LZAF,1753959530,Invalidate,Dropper
MCAF,1753956767,Unreliable,
MMMF,1753959530,Invalidate,Dropper
MPQG,1753984830,Invalidate,Dropper
MQXG,1753959530,Invalidate,Dropper
MUAF,1757968765,Confirm,Dropper
MUQG,1753959530,Invalidate,Dropper
MUWG,1754476799,Confirm,Abnormal Heartbeats
NBXG,1751671470,Invalidate,Space
NEWG,1757968765,Confirm,Abnormal Heartbeats
NHXG,1753959530,Invalidate,Dropper
NKAF,1754476799,Discover,Dropper
NLXG,1753959530,Invalidate,Dropper
NMMF,1753984830,Invalidate,Dropper
NYAF,1753959530,Invalidate,Dropper
NZMF,1753959530,Invalidate,Dropper
NZQG,1753956767,Unreliable,
ODRG,1754476799,Invalidate,
OEQG,1753959530,Invalidate,Dropper
OOMF,1753959530,Invalidate,Dropper
ORWG,1753959530,Invalidate,Dropper
OZRG,1753956767,Unreliable,
PDAF,1754476799,Discover,Dropper
PEQG,1753959530,Invalidate,Dropper
PGWG,1757968765,Confirm,Dropper
PSRG,1753956767,Unreliable,
PTWG,1753956767,Unreliable,
QCQG,1753956767,Unreliable,
QIQG,1753959530,Invalidate,Dropper
QMMF,1753959530,Invalidate,Dropper
QOXG,1757968765,Discover,Dropper
QUAF,1757968765,Confirm,Abnormal Heartbeats
QXAF,1757968765,Confirm,
QYAF,1753959530,Invalidate,Dropper
RAQG,1753984830,Invalidate,Dropper
RBQG,1753959530,Invalidate,Dropper
RBXG,1753956767,Unreliable,
RSXG,1757968765,Discover,Dropper
RTRG,1753959530,Invalidate,Dropper
SFAF,1753956767,Unreliable,
SHRG,1753959530,Invalidate,Dropper
SNAF,1757968765,Discover,Dropper
SQWG,1753956767,Unreliable,
SRAF,1754476799,Discover,Dropper
SURG,1753956767,Unreliable,
SVWG,1757968765,Confirm,Dropper
SZAF,1757968765,Confirm,Dropper
TAXG,1753959530,Invalidate,Dropper
TDXG,1753959530,Invalidate,Dropper
TURG,1757968765,Confirm,Baguette
TWRG,1753956767,Unreliable,
UAXG,1757968765,Confirm,
UBQG,1757968765,Discover,Dropper
UHQG,1753962270,Invalidate,Dropper
UKAF,1753956767,Unreliable,
UPXG,1753984830,Invalidate,Dropper
USRG,1753959530,Invalidate,Dante
UVAF,1753962270,Invalidate,Dropper
UXQG,1753956767,Unreliable,
UZQG,1753959530,Invalidate,Dropper
VCXG,1757968765,Discover,Dropper
VGWG,1753956767,Unreliable,
VNAF,1750831980,Invalidate,lilC
VOXG,1753959530,Invalidate,Dropper
WAWG,1757968765,Discover,Dropper
WFXG,1753962270,Invalidate,Dropper
WORG,1753956767,Unreliable,
WQQG,1753956767,Unreliable,
WUXG,1753959530,Invalidate,Dropper
WYXG,1753962270,Invalidate,Dropper
XFAF,1753959530,Invalidate,Dropper
XMWG,1753959530,Invalidate,Dropper
XNAF,1753959530,Invalidate,Dropper
XNWG,1753959530,Invalidate,Dropper
XVQG,1753962270,Invalidate,Dropper
YAQG,1753984830,Invalidate,Dropper
YDWG,1753984830,Invalidate,Dropper
YEAF,1753959530,Invalidate,Dropper
YEWG,1753956767,Unreliable,
YJXG,1753956767,Unreliable,
YPRG,1753962270,Invalidate,Dropper
YQWG,1757968765,Confirm,Dropper
YRAF,1753984830,Invalidate,Dropper
YUAF,1753956767,Unreliable,
YUWG,1753959530,Invalidate,Dropper
YVRG,1753959530,Invalidate,Dropper
YXQG,1753959530,Invalidate,Dropper
YYQG,1757968765,Confirm,Dropper
YYXG,1757968765,Confirm,
YZAF,1753956767,Unreliable,
YZWG,1753956767,Unreliable,
ZCQG,1753962270,Invalidate,Dropper
ZFXG,1753956767,Unreliable,
ZOWG,1753959530,Invalidate,Dropper
ZPWG,1753956767,Unreliable,
ZSQG,1752096570,Invalidate,Dropper
ZVRG,1757968765,Confirm,
ZZXG,1753962270,Invalidate,Dropper
ATTP,1754476799,Discover,[Various Ppl]
ETAF,1754476799,Discover,[Various Ppl]
JFWG,1757968765,Confirm,[Various Ppl]
XCAT,1754476799,Discover,[Various Ppl]
FKXG,1757968765,Discover,dropper - grapherz
NYQG,1757968765,Discover,dropper - grapherz
ZGAF,1757968765,Discover,dropper - grapherz
YOMF,1757968765,Discover,dropper - grapherz
LJRG,1757968765,Discover,dropper - grapherz
TDWG,1757968765,Discover,dropper - grapherz
YQXG,1757968765,Discover,dropper - grapherz
HMWG,1757968765,Discover,dropper - grapherz
WERG,1757968765,Discover,dropper - grapherz
YBRG,1757968765,Discover,dropper - grapherz
SEWG,1757968765,Discover,dropper - grapherz
COWG,1757968765,Discover,dropper - grapherz
QLRG,1757968765,Discover,dropper - grapherz
NNWG,1757968765,Discover,dropper - grapherz
TPXG,1757968765,Discover,dropper - grapherz
VDXG,1757968765,Discover,dropper - grapherz
TEXG,1757968765,Discover,dropper - grapherz
ASWG,1757968765,Discover,dropper - grapherz
ONMF,1757968765,Discover,dropper - grapherz
DQRG,1757968765,Discover,dropper - grapherz
KXRG,1757968765,Discover,dropper - grapherz
ORQG,1757968765,Discover,dropper - grapherz
IZRG,1757968765,Discover,dropper - grapherz
IGXG,1757968765,Discover,dropper - grapherz
WIXG,1757968765,Discover,dropper - grapherz
FJXG,1757968765,Discover,dropper - grapherz
LRXG,1757968765,Discover,dropper - grapherz
AOMF,1757968765,Discover,dropper - grapherz
QDRG,1757968765,Discover,dropper - grapherz
LEQG,1757968765,Discover,dropper - grapherz
